<?xml version="1.0" encoding="UTF-8" standalone="yes"?>
<addon id="plugin.video.asmr" name="ASMR" version="1.0" provider-name="somethingelsepromotions">
  <requires>
    <import addon="xbmc.python" version="2.1.0"/>
    <import addon="script.module.addon.common" version="2.0.0"/>
    <import addon="plugin.video.youtube" version="5.1.19"/>
  </requires>
  <extension point="xbmc.python.pluginsource" library="default.py">
    <provides>video</provides>
  </extension>
  <extension point="xbmc.addon.metadata">
    <summary lang="en">ASMR</summary>
    <description lang="en">A collection of ASMR videos. Autonomous Sensory Meridian Response, or ASMR, is a curious phenomenon. Those who experience it often characterise it as a tingling sensation in the back of the head or neck, or another part of the body, in response to some sort of sensory stimulus.</description>
    <platform>all</platform>
  </extension>
</addon>
