<?xml version="1.0" encoding="UTF-8" standalone="yes"?>
<addon id="plugin.video.snackbar"
	name="Snack Bar"
	version="1.0.0"
	provider-name="somethingelsepromotions">
  <requires>
    <import addon="xbmc.python" version="2.1.0"/>
    <import addon="script.module.addon.common" version="2.0.0"/>
    <import addon="plugin.video.youtube" version="5.0.0"/>
  </requires>
  <extension point="xbmc.python.pluginsource" library="default.py">
    <provides>video</provides>
  </extension>
  <extension point="xbmc.addon.metadata">
    <summary lang="en">Snack Bar</summary>
    <description lang="en">Videos featuring retro ads that were played before and at the intermissions of movies.</description>
    <platform>all</platform>
    <forum>n/a</forum>
    <website></website>
  </extension>
</addon>