<?xml version="1.0" encoding="UTF-8" standalone="yes"?>
<addon id="plugin.video.worldmagic"
	name="World Magic"
	version="1.0.8"
	provider-name="something else promotions">
  <requires>
    <import addon="xbmc.python" version="2.1.0"/>
    <import addon="script.module.addon.common" version="2.0.0"/>
    <import addon="plugin.video.youtube" version="5.0.0"/>
  </requires>
  <extension point="xbmc.python.pluginsource" library="default.py">
    <provides>video</provides>
  </extension>
  <extension point="xbmc.addon.metadata">
    <summary lang="en">World Magic</summary>
    <description lang="en">Home of the Wizards Product Review</description>
    <platform>all</platform>
    <forum></forum>
    <website>http://www.worldmagicshop.com/</website>
  </extension>
</addon>
