<?xml version="1.0" encoding="UTF-8" standalone="yes"?>
<addon id="plugin.video.muruga"
	name="Muruga Booker"
	version="1.0.0"
	provider-name="somethingelsepromotions">
  <requires>
    <import addon="xbmc.python" version="2.1.0"/>
    <import addon="script.module.addon.common" version="2.0.0"/>
    <import addon="plugin.video.youtube" version="5.0.0"/>
  </requires>
  <extension point="xbmc.python.pluginsource" library="default.py">
    <provides>video</provides>
  </extension>
  <extension point="xbmc.addon.metadata">
    <summary lang="en">Muruga Booker</summary>
    <description lang="en">Videos featuring drummer Muruga Booker and many associated artists and friends.</description>
    <platform>all</platform>
    <forum>n/a</forum>
    <website>https://en.wikipedia.org/wiki/Muruga_Booker</website>
  </extension>
</addon>