<?xml version="1.0" encoding="UTF-8" standalone="yes"?>
<addon id="plugin.video.legendsfootball"
	name="Legends Football League"
	version="1.0.0"
	provider-name="somethingelsepromotions">
  <requires>
    <import addon="xbmc.python" version="2.1.0"/>
    <import addon="script.module.addon.common" version="2.0.0"/>
    <import addon="plugin.video.youtube" version="5.0.0"/>
  </requires>
  <extension point="xbmc.python.pluginsource" library="default.py">
    <provides>video</provides>
  </extension>
  <extension point="xbmc.addon.metadata">
    <summary lang="en">Legends Football League</summary>
    <description lang="en">The Legends Football League is a women's 7-on-7 tackle American football league, with games played in the spring and summer at NBA, NFL, NHL and MLS arenas and stadiums. The league was founded in 2009 as the Lingerie Football League and was rebranded as the Legends Football League in 2013.</description>
    <platform>all</platform>
    <forum>n/a</forum>
    <website>n/a</website>
  </extension>
</addon>
