<?xml version="1.0" encoding="UTF-8" standalone="yes"?>
<addon id="plugin.video.ultimatebassist" name="Ultimate Bassist" version="1.0" provider-name="somethingelsepromotions">
  <requires>
    <import addon="xbmc.python" version="2.1.0"/>
    <import addon="script.module.addon.common" version="2.0.0"/>
    <import addon="plugin.video.youtube" version="5.1.19"/>
  </requires>
  <extension point="xbmc.python.pluginsource" library="default.py">
    <provides>video</provides>
  </extension>
  <extension point="xbmc.addon.metadata">
    <summary lang="en">Ultimate Bassist</summary>
    <description lang="en">Everything about Basses, and bassists. A great resource for anyone interested in the bass guitar or upright bass. Beginners and seasoned pros will find interesting and useful information in this addon.</description>
    <platform>all</platform>
  </extension>
</addon>
