<?xml version="1.0" encoding="UTF-8" standalone="yes"?>
<addon id="repository.sepkodi" name="SEP Kodi" version="1.0.1" provider-name="Something Else Promotions">
    <extension point="xbmc.addon.repository" name="SEP Kodi Add-on Repository">
        <info>https://raw.githubusercontent.com/somethingelsepromotions/repository.sepkodi/master/addons.xml</info>
        <checksum>https://raw.githubusercontent.com/somethingelsepromotions/repository.sepkodi/master/addons.xml.md5</checksum>
        <datadir zip="true">https://github.com/somethingelsepromotions/repository.sepkodi/tree/master/zips/</datadir>
    </extension>
    <extension point="xbmc.addon.metadata">
        <summary></summary>
        <description>Add-ons for XBMC</description>
        <disclaimer></disclaimer>
        <platform>all</platform>
    </extension>
</addon> 