<?xml version="1.0" encoding="UTF-8" standalone="yes"?>
<addon id="plugin.video.fiftyhourvideos"
	name="50 Hour Videos"
	version="1.0.0"
	provider-name="something else promotions">
  <requires>
    <import addon="xbmc.python" version="2.1.0"/>
    <import addon="script.module.addon.common" version="2.0.0"/>
    <import addon="plugin.video.youtube" version="5.0.0"/>
  </requires>
  <extension point="xbmc.python.pluginsource" library="default.py">
    <provides>video</provides>
  </extension>
  <extension point="xbmc.addon.metadata">
    <summary lang="en">50 Hour Videos</summary>
    <description lang="en">Why watch short videos when you can watch 50 HOUR VIDEOS</description>
    <platform>all</platform>
    <forum>n/a</forum>
    <website>n/a</website>
  </extension>
</addon>
